trap_type,perc_increase
camera,33.33333333
camera,14.28571429
camera,0
camera,20
camera,9.090909091
camera,9.523809524
camera,75
camera,0
camera,9.523809524
camera,25
camera,66.66666667
box,50
box,18.75
box,15.38461538
box,15.38461538
box,6.25
box,0
box,21.42857143
box,30
